-0.285,0.10738715,3717.497553,0,5.547938823
-0.284,0.10738715,3717.49647,0.002119792,5.547924741
-0.283,0.10738715,3717.493219,0.004239583,5.547882497
-0.282,0.10738715,3717.487802,0.006359375,5.547812088
-0.281,0.10738715,3717.480217,0.008479167,5.547713518
-0.28,0.10738715,3717.470464,0.010598958,5.547586787
-0.279,0.10738715,3717.458543,0.01271875,5.547431896
-0.278,0.10738715,3717.444454,0.014838542,5.547248847
-0.277,0.10738715,3717.428197,0.016958333,5.547037644
-0.276,0.10738715,3717.40977,0.019078125,5.54679829
-0.275,0.10738715,3717.389174,0.021197917,5.546530787
-0.274,0.10738715,3717.366409,0.023317708,5.546235141
-0.273,0.10738715,3717.341475,0.0254375,5.545911355
-0.272,0.10738715,3717.31437,0.027557292,5.545559435
-0.271,0.10738715,3717.285096,0.029677083,5.545179387
-0.27,0.10738715,3717.253651,0.031796875,5.544771215
-0.269,0.10738715,3717.220036,0.033916667,5.544334927
-0.268,0.10738715,3717.18425,0.036036458,5.54387053
-0.267,0.10738715,3717.146294,0.03815625,5.543378031
-0.266,0.10738715,3717.106166,0.040276042,5.542857437
-0.265,0.10738715,3717.063868,0.042395833,5.542308758
-0.264,0.10738715,3717.019398,0.044515625,5.541732002
-0.263,0.10738715,3716.972756,0.046635417,5.541127179
-0.262,0.10738715,3716.923943,0.048755208,5.540494297
-0.261,0.10738715,3716.872958,0.050875,5.539833369
-0.26,0.10738715,3716.819801,0.052994792,5.539144403
-0.259,0.10738715,3716.764472,0.055114583,5.538427412
-0.258,0.10738715,3716.706971,0.057234375,5.537682407
-0.257,0.10738715,3716.647298,0.059354167,5.536909401
-0.256,0.10738715,3716.585452,0.061473958,5.536108405
-0.255,0.10738715,3716.521434,0.06359375,5.535279434
-0.254,0.10738715,3716.455243,0.065713542,5.5344225
-0.253,0.10738715,3716.38688,0.067833333,5.533537618
-0.252,0.10738715,3716.316343,0.069953125,5.532624803
-0.251,0.10738715,3716.243634,0.072072917,5.531684068
-0.25,0.10738715,3716.168753,0.074192708,5.530715431
-0.249,0.10738715,3716.091698,0.0763125,5.529718906
-0.248,0.10738715,3716.01247,0.078432292,5.52869451
-0.247,0.10738715,3715.93107,0.080552083,5.527642261
-0.246,0.10738715,3715.847496,0.082671875,5.526562174
-0.245,0.10738715,3715.76175,0.084791667,5.525454269
-0.244,0.10738715,3715.67383,0.086911458,5.524318564
-0.243,0.10738715,3715.583738,0.08903125,5.523155076
-0.242,0.10738715,3715.491472,0.091151042,5.521963826
-0.241,0.10738715,3715.397033,0.093270833,5.520744834
-0.24,0.10738715,3715.300422,0.095390625,5.519498119
-0.239,0.10738715,3715.201637,0.097510417,5.518223701
-0.238,0.10738715,3715.100679,0.099630208,5.516921603
-0.237,0.10738715,3714.997549,0.10175,5.515591846
-0.236,0.10738715,3714.892246,0.103869792,5.514234451
-0.235,0.10738715,3714.784769,0.105989583,5.512849441
-0.234,0.10738715,3714.675121,0.108109375,5.511436839
-0.233,0.10738715,3714.563299,0.110229167,5.509996669
-0.232,0.10738715,3714.449305,0.112348958,5.508528955
-0.231,0.10738715,3714.333139,0.11446875,5.507033719
-0.23,0.10738715,3714.2148,0.116588542,5.505510988
-0.229,0.10738715,3714.094289,0.118708333,5.503960788
-0.228,0.10738715,3713.971605,0.120828125,5.502383142
-0.227,0.10738715,3713.84675,0.122947917,5.500778078
-0.226,0.10738715,3713.719722,0.125067708,5.499145623
-0.225,0.10738715,3713.590523,0.1271875,5.497485802
-0.224,0.10738715,3713.459152,0.129307292,5.495798644
-0.223,0.10738715,3713.32561,0.131427083,5.494084178
-0.222,0.10738715,3713.189897,0.133546875,5.49234243
-0.221,0.10738715,3713.052012,0.135666667,5.49057343
-0.22,0.10738715,3712.911956,0.137786458,5.488777208
-0.219,0.10738715,3712.769729,0.13990625,5.486953793
-0.218,0.10738715,3712.625332,0.142026042,5.485103215
-0.217,0.10738715,3712.478764,0.144145833,5.483225507
-0.216,0.10738715,3712.330026,0.146265625,5.481320696
-0.215,0.10738715,3712.179118,0.148385417,5.479388817
-0.214,0.10738715,3712.026041,0.150505208,5.477429901
-0.213,0.10738715,3711.870793,0.152625,5.475443979
-0.212,0.10738715,3711.713376,0.154744792,5.473431086
-0.211,0.10738715,3711.553791,0.156864583,5.471391256
-0.21,0.10738715,3711.392036,0.158984375,5.46932452
-0.209,0.10738715,3711.228112,0.161104167,5.467230913
-0.208,0.10738715,3711.062021,0.163223958,5.465110472
-0.207,0.10738715,3710.893761,0.16534375,5.462963229
-0.206,0.10738715,3710.723334,0.167463542,5.460789221
-0.205,0.10738715,3710.550739,0.169583333,5.458588485
-0.204,0.10738715,3710.375976,0.171703125,5.456361056
-0.203,0.10738715,3710.199047,0.173822917,5.454106971
-0.202,0.10738715,3710.019952,0.175942708,5.451826268
-0.201,0.10738715,3709.838689,0.1780625,5.449518984
-0.2,0.10738715,3709.655262,0.180182292,5.447185157
-0.199,0.10738715,3709.469668,0.182302083,5.444824827
-0.198,0.10738715,3709.281909,0.184421875,5.442438031
-0.197,0.10738715,3709.091985,0.186541667,5.44002481
-0.196,0.10738715,3708.899897,0.188661458,5.437585204
-0.195,0.10738715,3708.705645,0.19078125,5.435119251
-0.194,0.10738715,3708.509228,0.192901042,5.432626994
-0.193,0.10738715,3708.310648,0.195020833,5.430108475
-0.192,0.10738715,3708.109905,0.197140625,5.427563732
-0.191,0.10738715,3707.907,0.199260417,5.42499281
-0.19,0.10738715,3707.701932,0.201380208,5.422395751
-0.189,0.10738715,3707.494702,0.2035,5.419772596
-0.188,0.10738715,3707.285311,0.205619792,5.417123389
-0.187,0.10738715,3707.073759,0.207739583,5.414448176
-0.186,0.10738715,3706.860046,0.209859375,5.411746998
-0.185,0.10738715,3706.644173,0.211979167,5.409019901
-0.184,0.10738715,3706.426141,0.214098958,5.40626693
-0.183,0.10738715,3706.205949,0.21621875,5.403488129
-0.182,0.10738715,3705.983598,0.218338542,5.400683544
-0.181,0.10738715,3705.759089,0.220458333,5.397853224
-0.18,0.10738715,3705.532423,0.222578125,5.394997211
-0.179,0.10738715,3705.303598,0.224697917,5.392115555
-0.178,0.10738715,3705.072617,0.226817708,5.389208303
-0.177,0.10738715,3704.83948,0.2289375,5.386275501
-0.176,0.10738715,3704.604187,0.231057292,5.383317198
-0.175,0.10738715,3704.366738,0.233177083,5.380333444
-0.174,0.10738715,3704.127135,0.235296875,5.377324286
-0.173,0.10738715,3703.885377,0.237416667,5.374289773
-0.172,0.10738715,3703.641466,0.239536458,5.371229958
-0.171,0.10738715,3703.395402,0.24165625,5.368144887
-0.17,0.10738715,3703.147184,0.243776042,5.365034613
-0.169,0.10738715,3702.896815,0.245895833,5.361899187
-0.168,0.10738715,3702.644295,0.248015625,5.358738658
-0.167,0.10738715,3702.389623,0.250135417,5.35555308
-0.166,0.10738715,3702.132801,0.252255208,5.352342505
-0.165,0.10738715,3701.873829,0.254375,5.349106983
-0.164,0.10738715,3701.612708,0.256494792,5.345846568
-0.163,0.10738715,3701.349439,0.258614583,5.342561316
-0.162,0.10738715,3701.084021,0.260734375,5.339251276
-0.161,0.10738715,3700.816457,0.262854167,5.335916504
-0.16,0.10738715,3700.546745,0.264973958,5.332557056
-0.159,0.10738715,3700.274888,0.26709375,5.329172984
-0.158,0.10738715,3700.000885,0.269213542,5.325764344
-0.157,0.10738715,3699.724738,0.271333333,5.322331193
-0.156,0.10738715,3699.446446,0.273453125,5.318873584
-0.155,0.10738715,3699.166011,0.275572917,5.315391575
-0.154,0.10738715,3698.883433,0.277692708,5.311885223
-0.153,0.10738715,3698.598713,0.2798125,5.308354583
-0.152,0.10738715,3698.311852,0.281932292,5.304799713
-0.151,0.10738715,3698.02285,0.284052083,5.301220672
-0.15,0.10738715,3697.731708,0.286171875,5.297617516
-0.149,0.10738715,3697.438427,0.288291667,5.293990304
-0.148,0.10738715,3697.143007,0.290411458,5.290339097
-0.147,0.10738715,3696.84545,0.29253125,5.286663949
-0.146,0.10738715,3696.545755,0.294651042,5.282964924
-0.145,0.10738715,3696.243924,0.296770833,5.279242081
-0.144,0.10738715,3695.939957,0.298890625,5.275495477
-0.143,0.10738715,3695.633856,0.301010417,5.271725175
-0.142,0.10738715,3695.325621,0.303130208,5.267931238
-0.141,0.10738715,3695.015252,0.30525,5.264113722
-0.14,0.10738715,3694.70275,0.307369792,5.260272692
-0.139,0.10738715,3694.388118,0.309489583,5.25640821
-0.138,0.10738715,3694.071353,0.311609375,5.252520335
-0.137,0.10738715,3693.752459,0.313729167,5.248609132
-0.136,0.10738715,3693.431436,0.315848958,5.244674665
-0.135,0.10738715,3693.108284,0.31796875,5.240716993
-0.134,0.10738715,3692.783004,0.320088542,5.236736183
-0.133,0.10738715,3692.455598,0.322208333,5.2327323
-0.132,0.10738715,3692.126065,0.324328125,5.228705403
-0.131,0.10738715,3691.794407,0.326447917,5.22465556
-0.13,0.10738715,3691.460625,0.328567708,5.220582837
-0.129,0.10738715,3691.12472,0.3306875,5.216487295
-0.128,0.10738715,3690.786691,0.332807292,5.212369002
-0.127,0.10738715,3690.446542,0.334927083,5.208228026
-0.126,0.10738715,3690.104271,0.337046875,5.204064428
-0.125,0.10738715,3689.75988,0.339166667,5.199878277
-0.124,0.10738715,3689.41337,0.341286458,5.195669642
-0.123,0.10738715,3689.064742,0.34340625,5.191438586
-0.122,0.10738715,3688.713997,0.345526042,5.187185177
-0.121,0.10738715,3688.361136,0.347645833,5.182909486
-0.12,0.10738715,3688.006159,0.349765625,5.178611576
-0.119,0.10738715,3687.649067,0.351885417,5.174291518
-0.118,0.10738715,3687.289862,0.354005208,5.169949383
-0.117,0.10738715,3686.928545,0.356125,5.165585234
-0.116,0.10738715,3686.565116,0.358244792,5.161199143
-0.115,0.10738715,3686.199576,0.360364583,5.156791182
-0.114,0.10738715,3685.831926,0.362484375,5.152361416
-0.113,0.10738715,3685.462168,0.364604167,5.147909917
-0.112,0.10738715,3685.090302,0.366723958,5.143436758
-0.111,0.10738715,3684.716329,0.36884375,5.138942005
-0.11,0.10738715,3684.340251,0.370963542,5.13442573
-0.109,0.10738715,3683.962068,0.373083333,5.129888008
-0.108,0.10738715,3683.581781,0.375203125,5.125328905
-0.107,0.10738715,3683.199391,0.377322917,5.120748495
-0.106,0.10738715,3682.8149,0.379442708,5.116146853
-0.105,0.10738715,3682.428308,0.3815625,5.111524045
-0.104,0.10738715,3682.039616,0.383682292,5.106880147
-0.103,0.10738715,3681.648826,0.385802083,5.102215234
-0.102,0.10738715,3681.255938,0.387921875,5.097529375
-0.101,0.10738715,3680.860954,0.390041667,5.092822644
-0.1,0.10738715,3680.463875,0.392161458,5.088095118
-0.099,0.10738715,3680.064701,0.39428125,5.083346866
-0.098,0.10738715,3679.663434,0.396401042,5.078577964
-0.097,0.10738715,3679.260075,0.398520833,5.07378849
-0.096,0.10738715,3678.854624,0.400640625,5.068978512
-0.095,0.10738715,3678.447084,0.402760417,5.064148109
-0.094,0.10738715,3678.037455,0.404880208,5.059297357
-0.093,0.10738715,3677.987371,0.407,5.054902835
-0.092,0.107505376,3676.779141,0.413308511,5.040324126
-0.091,0.106521505,3675.553718,0.419617021,5.025569841
-0.09,0.105548387,3674.311155,0.425925532,5.010642006
-0.089,0.104586022,3673.051505,0.432234043,4.995542666
-0.088,0.103634409,3671.774823,0.438542553,4.980273887
-0.087,0.102693548,3670.48116,0.444851064,4.964837743
-0.086,0.101763441,3669.170572,0.451159574,4.949236331
-0.085,0.100844086,3667.843114,0.457468085,4.933471756
-0.084,0.099935484,3666.498841,0.463776596,4.917546144
-0.083,0.099037634,3665.137807,0.470085106,4.901461635
-0.082,0.098150538,3663.76007,0.476393617,4.885220377
-0.081,0.097274194,3662.365684,0.482702128,4.868824535
-0.08,0.096408602,3660.954708,0.489010638,4.85227629
-0.079,0.095553763,3659.527197,0.495319149,4.835577825
-0.078,0.094709677,3658.083209,0.50162766,4.818731345
-0.077,0.093876344,3656.622802,0.50793617,4.801739064
-0.076,0.093053763,3655.146034,0.514244681,4.784603199
-0.075,0.092241935,3653.652963,0.520553191,4.767325988
-0.074,0.09144086,3652.143647,0.526861702,4.749909667
-0.073,0.090650538,3650.618146,0.533170213,4.73235649
-0.072,0.089870968,3649.07652,0.539478723,4.71466872
-0.071,0.089102151,3647.518828,0.545787234,4.696848618
-0.07,0.088344086,3645.94513,0.552095745,4.678898463
-0.069,0.087596774,3644.355486,0.558404255,4.660820539
-0.068,0.086860215,3642.749958,0.564712766,4.642617128
-0.067,0.086134409,3641.128606,0.571021277,4.624290529
-0.066,0.085419355,3639.491491,0.577329787,4.605843044
-0.065,0.084715054,3637.838676,0.583638298,4.587276971
-0.064,0.084021505,3636.170222,0.589946809,4.568594624
-0.063,0.08333871,3634.486191,0.596255319,4.549798317
-0.062,0.082666667,3632.786646,0.60256383,4.530890363
-0.061,0.082005376,3631.07165,0.60887234,4.511873085
-0.06,0.081354839,3629.341266,0.615180851,4.492748802
-0.059,0.080715054,3627.595556,0.621489362,4.473519838
-0.058,0.080086022,3625.834586,0.627797872,4.454188524
-0.057,0.079467742,3624.058419,0.634106383,4.43475718
-0.056,0.078860215,3622.267119,0.640414894,4.415228135
-0.055,0.078263441,3620.46075,0.646723404,4.39560372
-0.054,0.077677419,3618.639377,0.653031915,4.375886255
-0.053,0.077102151,3616.803066,0.659340426,4.356078071
-0.052,0.076537634,3614.951881,0.665648936,4.336181493
-0.051,0.075983871,3613.085888,0.671957447,4.316198839
-0.05,0.07544086,3611.205153,0.678265957,4.296132435
-0.049,0.074908602,3609.309741,0.684574468,4.275984593
-0.048,0.074387097,3607.399719,0.690882979,4.255757631
-0.047,0.073876344,3605.475153,0.697191489,4.235453862
-0.046,0.073376344,3603.53611,0.7035,4.215075588
-0.045,0.072887097,3601.582656,0.709808511,4.194625113
-0.044,0.072408602,3599.61486,0.716117021,4.17410474
-0.043,0.07194086,3597.632787,0.722425532,4.153516752
-0.042,0.071483871,3595.636506,0.728734043,4.132863441
-0.041,0.071037634,3593.626084,0.735042553,4.112147089
-0.04,0.070602151,3591.601589,0.741351064,4.091369964
-0.039,0.070177419,3589.563089,0.747659574,4.070534339
-0.038,0.069763441,3587.510653,0.753968085,4.049642467
-0.037,0.069360215,3585.444348,0.760276596,4.028696603
-0.036,0.068967742,3583.364245,0.766585106,4.007698992
-0.035,0.068586022,3581.27041,0.772893617,3.986651864
-0.034,0.068215054,3579.162914,0.779202128,3.965557447
-0.033,0.067854839,3577.041825,0.785510638,3.944417962
-0.032,0.067505376,3574.907213,0.791819149,3.923235608
-0.031,0.067166667,3572.759147,0.79812766,3.902012586
-0.03,0.06683871,3570.597697,0.80443617,3.880751084
-0.029,0.066521505,3568.422933,0.810744681,3.859453274
-0.028,0.066215054,3566.234924,0.817053191,3.838121324
-0.027,0.065919355,3564.033741,0.823361702,3.816757382
-0.026,0.065634409,3561.819454,0.829670213,3.795363593
-0.025,0.065360215,3559.592134,0.835978723,3.773942089
-0.024,0.065096774,3557.351849,0.842287234,3.75249498
-0.023,0.064844086,3555.098672,0.848595745,3.731024374
-0.022,0.064602151,3552.832674,0.854904255,3.709532365
-0.021,0.064370968,3550.553924,0.861212766,3.688021024
-0.02,0.064150538,3548.262494,0.867521277,3.666492418
-0.019,0.06394086,3545.958455,0.873829787,3.644948602
-0.018,0.063741935,3543.641877,0.880138298,3.623391603
-0.017,0.063553763,3541.312833,0.886446809,3.601823448
-0.016,0.063376344,3538.971395,0.892755319,3.580246146
-0.015,0.063209677,3536.617631,0.89906383,3.558661682
-0.014,0.063053763,3534.251617,0.90537234,3.537072039
-0.013,0.062908602,3531.873421,0.911680851,3.515479171
-0.012,0.062774194,3529.483116,0.917989362,3.493885028
-0.011,0.062650538,3527.080774,0.924297872,3.472291541
-0.01,0.062537634,3524.666467,0.930606383,3.450700616
-0.009,0.062435484,3522.240266,0.936914894,3.429114154
-0.008,0.062344086,3519.802245,0.943223404,3.407534037
-0.007,0.062263441,3517.352474,0.949531915,3.385962122
-0.006,0.062193548,3514.891025,0.955840426,3.364400257
-0.005,0.062134409,3512.417973,0.962148936,3.342850276
-0.004,0.062086022,3509.933387,0.968457447,3.32131398
-0.003,0.062048387,3507.437341,0.974765957,3.299793172
-0.002,0.062021505,3504.929907,0.981074468,3.278289619
-0.001,0.062005376,3502.411157,0.987382979,3.256805083
0,0.062,3499.881164,0.993691489,3.235341305
0,0.062,3496.925603,1.001,3.21049607
0.001,0.062020161,3420.657504,1.173905973,2.636502015
0.002,0.062080645,3419.030186,1.177195451,2.625914429
0.003,0.062181452,3416.419902,1.18257865,2.608656929
0.004,0.062322581,3412.890116,1.189899553,2.585281889
0.005,0.062504032,3408.522107,1.198960739,2.556486865
0.006,0.062725806,3403.405111,1.20954718,2.523032255
0.007,0.062987903,3397.628153,1.221445807,2.485673482
0.008,0.063290323,3391.274511,1.234458609,2.445115416
0.009,0.063633065,3384.418881,1.248409265,2.401988948
0.01,0.063016129,3395.865546,1.224489245,2.476029571
0.011,0.063915795,3377.315109,1.262541706,2.358636228
0.012,0.064814794,3361.076103,1.295219379,2.260082494
0.013,0.065713124,3346.380533,1.324321422,2.174168776
0.014,0.066610787,3332.822703,1.350801356,2.097578924
0.015,0.067507782,3320.155419,1.375241254,2.028271106
0.016,0.06840411,3308.213935,1.398029367,1.964872444
0.017,0.06929977,3296.881492,1.419440876,1.906402536
0.018,0.070194762,3286.071469,1.439679818,1.852129401
0.019,0.071089086,3275.717317,1.458902765,1.801487744
0.02,0.071982743,3265.766464,1.477233213,1.754029108
0.021,0.072875732,3256.17645,1.494770704,1.709390078
0.022,0.073768053,3246.912316,1.511597007,1.667270734
0.023,0.074659706,3237.94482,1.527780336,1.627419838
0.024,0.075550692,3229.249162,1.543378367,1.589624213
0.025,0.07644101,3220.80409,1.558440383,1.553701098
0.026,0.07733066,3212.591176,1.573008964,1.519492199
0.027,0.078219643,3204.594302,1.587121224,1.486859269
0.028,0.079107958,3196.799277,1.600809723,1.455680785
0.029,0.079995605,3189.193498,1.614103267,1.425849121
0.03,0.080882584,3181.765708,1.627027487,1.39726844
0.031,0.081768896,3174.505783,1.639605333,1.369852915
0.032,0.08265454,3167.404599,1.651857419,1.343525413
0.033,0.083539516,3160.453868,1.663802386,1.318216228
0.034,0.084423824,3153.646037,1.675457151,1.293862144
0.035,0.085307465,3146.97419,1.686837138,1.270405601
0.036,0.086190438,3140.43199,1.697956426,1.247794088
0.037,0.087072743,3134.013594,1.708827943,1.225979484
0.038,0.087954381,3127.713594,1.719463596,1.204917568
0.039,0.088835351,3121.526991,1.729874353,1.184567657
0.04,0.089715653,3115.449136,1.740070371,1.16489218
0.041,0.090595287,3109.475697,1.750061075,1.145856366
0.042,0.091474254,3103.602622,1.759855237,1.12742796
0.043,0.092352553,3097.826134,1.769461012,1.109577033
0.044,0.093230184,3092.142686,1.778886023,1.09227571
0.045,0.094107147,3086.548943,1.788137404,1.075497995
0.046,0.094983443,3081.041766,1.797221848,1.059219598
0.047,0.095859071,3075.618203,1.806145622,1.043417828
0.048,0.096734031,3070.275465,1.814914628,1.028071412
0.049,0.097608324,3065.010908,1.823534435,1.013160376
0.05,0.098481949,3059.822039,1.832010275,0.998665992
0.051,0.099354906,3054.70649,1.840347102,0.984570624
0.052,0.100227195,3049.662015,1.848549597,0.970857672
0.053,0.101098817,3044.68647,1.856622206,0.957511465
0.054,0.101969771,3039.777829,1.864569124,0.944517243
0.055,0.102840057,3034.934154,1.872394343,0.931861046
0.056,0.103709676,3030.153595,1.880101662,0.919529662
0.057,0.104578627,3025.434395,1.88769468,0.907510605
0.058,0.10544691,3020.774871,1.895176831,0.895792036
0.059,0.106314525,3016.173412,1.902551389,0.884362721
0.06,0.107181473,3011.628473,1.909821483,0.873211991
0.061,0.108047752,3007.138589,1.916990079,0.862329743
0.062,0.108913365,3002.702329,1.924060049,0.851706313
0.063,0.109778309,2998.318353,1.931034092,0.841332581
0.064,0.110642586,2993.985346,1.937914832,0.8311998
0.065,0.111506195,2989.702064,1.944704757,0.821299674
0.066,0.112369136,2985.467303,1.951406261,0.81162428
0.067,0.11323141,2981.2799,1.958021647,0.802166049
0.068,0.114093015,2977.138751,1.964553103,0.792917787
0.069,0.114953953,2973.042774,1.97100276,0.783872578
0.07,0.115814224,2968.990935,1.977372652,0.775023835
0.071,0.116673826,2964.982245,1.983664719,0.766365276
0.072,0.117532761,2961.015735,1.989880858,0.757890851
0.073,0.118391029,2957.090475,1.996022879,0.749594786
0.074,0.119248628,2953.205579,2.002092513,0.74147157
0.075,0.12010556,2949.360169,2.008091457,0.73351588
0.076,0.120961824,2945.553414,2.014021324,0.725722643
0.077,0.12181742,2941.784504,2.019883678,0.718086983
0.078,0.122672349,2938.052649,2.025680038,0.710604205
0.079,0.123526609,2934.357101,2.031411846,0.703269835
0.08,0.124380202,2930.697116,2.037080525,0.696079534
0.081,0.125233128,2927.071982,2.042687437,0.689029149
0.082,0.126085385,2923.481017,2.048233886,0.682114705
0.083,0.126936975,2919.923547,2.053721156,0.675332346
0.084,0.127787898,2916.39892,2.059150482,0.668678375
0.085,0.128638152,2912.906515,2.064523044,0.662149248
0.086,0.129487739,2909.445715,2.06984001,0.655741524
0.087,0.130336658,2906.01593,2.075102493,0.649451908
0.088,0.131184909,2902.616584,2.080311579,0.643277217
0.089,0.132032493,2899.247113,2.085468327,0.637214374
0.09,0.132879409,2895.906977,2.090573751,0.631260426
0.091,0.133725657,2892.595648,2.095628842,0.625412518
0.092,0.134571237,2889.312611,2.100634561,0.619667891
0.093,0.13541615,2886.057363,2.105591846,0.614023879
0.094,0.136260395,2882.829419,2.1105016,0.608477916
0.095,0.137103972,2879.628308,2.115364702,0.603027519
0.096,0.137946881,2876.453566,2.120182008,0.597670287
0.097,0.138789123,2873.304743,2.124954356,0.592403894
0.098,0.139630697,2870.181402,2.12968255,0.5872261
0.099,0.140471604,2867.083115,2.134367382,0.58213473
0.1,0.141311842,2864.009474,2.139009606,0.577127695
0.101,0.142151413,2860.960066,2.143609978,0.572202951
0.102,0.142990316,2857.9345,2.148169219,0.567358534
0.103,0.143828552,2854.932386,2.152688041,0.562592532
0.104,0.144666119,2851.953358,2.157167119,0.557903113
0.105,0.145503019,2848.99704,2.161607135,0.553288475
0.106,0.146339252,2846.063075,2.166008743,0.548746884
0.107,0.147174816,2843.151121,2.170372568,0.544276671
0.108,0.148009713,2840.260829,2.174699241,0.539876196
0.109,0.148843942,2837.391871,2.178989361,0.535543884
0.11,0.149677503,2834.543921,2.18324352,0.531278201
0.111,0.150510397,2831.716657,2.187462298,0.527077654
0.112,0.151342623,2828.909772,2.191646252,0.522940804
0.113,0.152174181,2826.122964,2.19579593,0.518866251
0.114,0.153005072,2823.355932,2.199911873,0.514852626
0.115,0.153835294,2820.608392,2.203994592,0.510898621
0.116,0.154664849,2817.880054,2.208044609,0.507002939
0.117,0.155493737,2815.170642,2.212062422,0.503164333
0.118,0.156321956,2812.479889,2.216048509,0.499381599
0.119,0.157149508,2809.807525,2.220003354,0.495653552
0.12,0.157976392,2807.153291,2.223927419,0.491979048
0.121,0.158802608,2804.516934,2.227821159,0.488356973
0.122,0.159628157,2801.898203,2.231685021,0.484786241
0.123,0.160453038,2799.296856,2.235519438,0.4812658
0.124,0.161277251,2796.712654,2.239324833,0.477794624
0.125,0.162100797,2794.145362,2.243101627,0.474371713
0.126,0.162923674,2791.594755,2.246850219,0.4709961
0.127,0.163745884,2789.060604,2.250571016,0.467666833
0.128,0.164567427,2786.542689,2.254264407,0.464382991
0.129,0.165388301,2784.040801,2.257930764,0.461143686
0.13,0.166208508,2781.554722,2.261570471,0.457948033
0.131,0.167028047,2779.084248,2.265183889,0.454795188
0.132,0.167846919,2776.629175,2.26877138,0.451684316
0.133,0.168665122,2774.189308,2.272333287,0.448614617
0.134,0.169482658,2771.764447,2.275869961,0.445585296
0.135,0.170299526,2769.354404,2.279381736,0.442595587
0.136,0.171115727,2766.958988,2.282868945,0.43964474
0.137,0.17193126,2764.578018,2.286331907,0.436732028
0.138,0.172746125,2762.211314,2.289770941,0.433856736
0.139,0.173560322,2759.858698,2.293186355,0.431018173
0.14,0.174373852,2757.519993,2.29657846,0.428215655
0.141,0.175186714,2755.195033,2.299947549,0.425448526
0.142,0.175998908,2752.883648,2.303293917,0.422716138
0.143,0.176810434,2750.585676,2.306617849,0.420017864
0.144,0.177621293,2748.30095,2.309919633,0.417353084
0.145,0.178431484,2746.029317,2.313199541,0.414721201
0.146,0.179241007,2743.77062,2.316457843,0.412121629
0.147,0.180049863,2741.524703,2.319694811,0.409553792
0.148,0.18085805,2739.291422,2.322910698,0.407017137
0.149,0.18166557,2737.070622,2.326105769,0.40451111
0.15,0.182472423,2734.862162,2.329280274,0.402035181
0.151,0.183278607,2732.665901,2.332434455,0.39958883
0.152,0.184084124,2730.481696,2.33556856,0.397171545
0.153,0.184888973,2728.309411,2.338682826,0.394782829
0.154,0.185693155,2726.148908,2.34177749,0.392422191
0.155,0.186496669,2724.000057,2.344852778,0.39008916
0.156,0.187299515,2721.862728,2.347908916,0.387783269
0.157,0.188101693,2719.736791,2.350946126,0.385504064
0.158,0.188903203,2717.622121,2.353964627,0.383251098
0.159,0.189704046,2715.518591,2.356964636,0.381023934
0.16,0.190504221,2713.42608,2.359946361,0.378822149
0.161,0.191303729,2711.344467,2.362910012,0.376645322
0.162,0.192102568,2709.273637,2.365855786,0.374493052
0.163,0.19290074,2707.213471,2.368783889,0.372364934
0.164,0.193698244,2705.163855,2.371694516,0.37026058
0.165,0.194495081,2703.124676,2.374587862,0.368179606
0.166,0.19529125,2701.095823,2.377464116,0.366121638
0.167,0.196086751,2699.077189,2.380323463,0.364086313
0.168,0.196881584,2697.068666,2.383166087,0.36207327
0.169,0.197675749,2695.070149,2.385992171,0.360082157
0.17,0.198469247,2693.08153,2.388801895,0.35811263
0.171,0.199262077,2691.102711,2.391595431,0.356164352
0.172,0.20005424,2689.133587,2.394372956,0.354236992
0.173,0.200845735,2687.174063,2.397134634,0.352330229
0.174,0.201636561,2685.224043,2.399880629,0.350443748
0.175,0.202426721,2683.283423,2.402611117,0.348577232
0.176,0.203216212,2681.352117,2.405326248,0.346730383
0.177,0.204005036,2679.430025,2.408026188,0.3449029
0.178,0.204793192,2677.517058,2.410711091,0.343094491
0.179,0.20558068,2675.613127,2.413381111,0.341304871
0.18,0.206367501,2673.718138,2.416036403,0.339533756
0.181,0.207153654,2671.832007,2.418677114,0.337780874
0.182,0.207939139,2669.954648,2.421303389,0.336045954
0.183,0.208723956,2668.085974,2.423915376,0.334328732
0.184,0.209508106,2666.2259,2.426513219,0.332628946
0.185,0.210291588,2664.374345,2.429097056,0.330946344
0.186,0.211074402,2662.531227,2.431667026,0.329280675
0.187,0.211856549,2660.696464,2.434223268,0.327631693
0.188,0.212638027,2658.869981,2.43676591,0.325999162
0.189,0.213418839,2657.051692,2.439295095,0.32438284
0.19,0.214198982,2655.241529,2.441810943,0.322782501
0.191,0.214978457,2653.43941,2.444313587,0.321197916
0.192,0.215757265,2651.645262,2.446803156,0.319628861
0.193,0.216535406,2649.859008,2.449279776,0.318075116
0.194,0.217312878,2648.080582,2.451743562,0.316536472
0.195,0.218089683,2646.309906,2.454194643,0.315012713
0.196,0.21886582,2644.546912,2.456633136,0.313503634
0.197,0.219641289,2642.79153,2.459059158,0.312009033
0.198,0.22041609,2641.043691,2.461472826,0.31052871
0.199,0.221190224,2639.303325,2.463874257,0.309062467
0.2,0.22196369,2637.570368,2.466263561,0.307610114
0.201,0.222736489,2635.84475,2.468640854,0.30617146
0.202,0.223508619,2634.12641,2.471006239,0.304746324
0.203,0.224280082,2632.415281,2.47335983,0.303334518
0.204,0.225050877,2630.711301,2.475701731,0.301935868
0.205,0.225821005,2629.014404,2.478032051,0.300550193
0.206,0.226590465,2627.324532,2.480350891,0.299177325
0.207,0.227359257,2625.641623,2.482658354,0.297817092
0.208,0.228127381,2623.965616,2.484954541,0.296469327
0.209,0.228894838,2622.29645,2.487239554,0.295133867
0.21,0.229661626,2620.634071,2.489513487,0.293810552
0.211,0.230427747,2618.978417,2.491776443,0.292499221
0.212,0.231193201,2617.32943,2.494028517,0.291199718
0.213,0.231957987,2615.687056,2.496269802,0.289911892
0.214,0.232722104,2614.051242,2.498500387,0.288635594
0.215,0.233485555,2612.421925,2.500720375,0.287370672
0.216,0.234248337,2610.799058,2.502929848,0.286116984
0.217,0.235010452,2609.182583,2.5051289,0.284874385
0.218,0.235771899,2607.572449,2.507317618,0.283642736
0.219,0.236532678,2605.968604,2.50949609,0.282421898
0.22,0.23729279,2604.370994,2.511664405,0.281211734
0.221,0.238052234,2602.779571,2.513822645,0.280012112
0.222,0.23881101,2601.194283,2.515970894,0.278822901
0.223,0.239569118,2599.61508,2.518109237,0.27764397
0.224,0.240326559,2598.041913,2.520237758,0.276475191
0.225,0.241083332,2596.474734,2.522356534,0.275316441
0.226,0.241839437,2594.913494,2.524465648,0.274167596
0.227,0.242594875,2593.358145,2.52656518,0.273028533
0.228,0.243349644,2591.808644,2.528655202,0.271899137
0.229,0.244103746,2590.264941,2.530735799,0.270779286
0.23,0.244857181,2588.72699,2.532807045,0.269668866
0.231,0.245609947,2587.194749,2.534869011,0.268567766
0.232,0.246362046,2585.66817,2.536921777,0.26747587
0.233,0.247113477,2584.147211,2.538965414,0.266393071
0.234,0.247864241,2582.631826,2.540999997,0.265319257
0.235,0.248614337,2581.121975,2.543025594,0.264254326
0.236,0.249363765,2579.617614,2.545042277,0.26319817
0.237,0.250112525,2578.118702,2.547050117,0.262150687
0.238,0.250860617,2576.625196,2.549049181,0.261111775
0.239,0.251608042,2575.137055,2.551039541,0.260081333
0.24,0.252354799,2573.654238,2.553021263,0.259059262
0.241,0.253100889,2572.176705,2.554994415,0.258045464
0.242,0.25384631,2570.704419,2.556959059,0.257039847
0.243,0.254591064,2569.237336,2.558915265,0.256042313
0.244,0.25533515,2567.775421,2.560863094,0.255052771
0.245,0.256078569,2566.318634,2.562802613,0.254071128
0.246,0.25682132,2564.866936,2.564733883,0.253097295
0.247,0.257563403,2563.420292,2.566656966,0.252131184
0.248,0.258304818,2561.978664,2.568571923,0.251172707
0.249,0.259045565,2560.542015,2.570478816,0.250221777
0.25,0.259785645,2559.110308,2.572377707,0.24927831
0.251,0.260525057,2557.683508,2.574268653,0.248342222
0.252,0.261263802,2556.261578,2.576151715,0.24741343
0.253,0.262001878,2554.844486,2.578026947,0.246491855
0.254,0.262739287,2553.432195,2.579894411,0.245577415
0.255,0.263476028,2552.024671,2.581754161,0.244670032
0.256,0.264212102,2550.621879,2.583606257,0.243769627
0.257,0.264947508,2549.223787,2.585450751,0.242876125
0.258,0.265682246,2547.830362,2.587287699,0.241989451
0.259,0.266416316,2546.44157,2.589117155,0.241109529
0.26,0.267149719,2545.057379,2.590939175,0.240236286
0.261,0.267882453,2543.677758,2.592753808,0.239369652
0.262,0.268614521,2542.302671,2.594561113,0.238509551
0.263,0.26934592,2540.932092,2.596361135,0.237655918
0.264,0.270076652,2539.565985,2.598153932,0.236808679
0.265,0.270806716,2538.204322,2.599939551,0.235967769
0.266,0.271536112,2536.847073,2.601718042,0.23513312
0.267,0.27226484,2535.494207,2.603489456,0.234304666
0.268,0.272992901,2534.145692,2.605253845,0.233482339
0.269,0.273720294,2532.801501,2.607011255,0.232666077
0.27,0.27444702,2531.461603,2.608761736,0.231855815
0.271,0.275173077,2530.125971,2.610505332,0.231051492
0.272,0.275898467,2528.794575,2.612242095,0.230253044
0.273,0.276623189,2527.467387,2.613972069,0.229460411
0.274,0.277347244,2526.144378,2.615695303,0.228673532
0.275,0.27807063,2524.825523,2.617411838,0.227892349
0.276,0.278793349,2523.510791,2.619121724,0.227116802
0.277,0.279515401,2522.200156,2.620825007,0.226346832
0.278,0.280236784,2520.893592,2.622521725,0.225582385
0.279,0.2809575,2519.591072,2.624211928,0.224823403
0.28,0.281677548,2518.292568,2.625895657,0.22406983
0.281,0.282396928,2516.998056,2.627572955,0.223321612
0.282,0.283115641,2515.707509,2.629243867,0.222578694
0.283,0.283833686,2514.420901,2.630908432,0.221841024
0.284,0.284551063,2513.138208,2.632566694,0.221108549
0.285,0.285267772,2511.859404,2.634218692,0.220381217
0.286,0.285983814,2510.584463,2.635864471,0.219658975
0.287,0.286699188,2509.313362,2.637504068,0.218941775
0.288,0.287413894,2508.046076,2.639137525,0.218229565
0.289,0.288127933,2506.782581,2.640764882,0.217522297
0.29,0.288841304,2505.522853,2.642386177,0.216819921
0.291,0.289554007,2504.266867,2.64400145,0.216122391
0.292,0.290266042,2503.014603,2.645610738,0.215429658
0.293,0.29097741,2501.766034,2.647214082,0.214741675
0.294,0.29168811,2500.521138,2.648811518,0.214058396
0.295,0.292398142,2499.279894,2.650403083,0.213379777
0.296,0.293107507,2498.042277,2.651988817,0.21270577
0.297,0.293816203,2496.808268,2.653568752,0.212036334
0.298,0.294524232,2495.577841,2.655142928,0.211371422
0.299,0.295231594,2494.350974,2.656711383,0.210710992
0.3,0.295938287,2493.127649,2.658274147,0.210055001
0.301,0.296644313,2491.907842,2.65983126,0.209403407
0.302,0.297349671,2490.691532,2.661382754,0.208756168
0.303,0.298054362,2489.478697,2.662928668,0.208113242
0.304,0.298758384,2488.269318,2.66446903,0.207474591
0.305,0.299461739,2487.063373,2.666003879,0.206840172
0.306,0.300164426,2485.860842,2.667533248,0.206209946
0.307,0.300866446,2484.661702,2.669057171,0.205583873
0.308,0.301567798,2483.465937,2.670575679,0.204961915
0.309,0.302268482,2482.273525,2.672088805,0.204344035
0.31,0.302968498,2481.084446,2.673596582,0.203730194
0.311,0.303667847,2479.898681,2.675099044,0.203120355
0.312,0.304366528,2478.716209,2.676596221,0.20251448
0.313,0.305064541,2477.537013,2.678088144,0.201912534
0.314,0.305761886,2476.361073,2.679574846,0.20131448
0.315,0.306458564,2475.188369,2.681056358,0.200720282
0.316,0.307154574,2474.018884,2.682532709,0.200129907
0.317,0.307849916,2472.852598,2.684003931,0.199543318
0.318,0.308544591,2471.689493,2.685470055,0.198960481
0.319,0.309238597,2470.529552,2.686931108,0.198381364
0.32,0.309931936,2469.372755,2.688387122,0.197805932
0.321,0.310624608,2468.219084,2.689838127,0.197234151
0.322,0.311316611,2467.068523,2.691284149,0.196665991
0.323,0.312007947,2465.921053,2.692725221,0.196101416
0.324,0.312698615,2464.776657,2.694161368,0.195540397
0.325,0.313388616,2463.635318,2.695592621,0.194982902
0.326,0.314077949,2462.497017,2.697019007,0.194428898
0.327,0.314766614,2461.36174,2.698440553,0.193878356
0.328,0.315454611,2460.229468,2.699857287,0.193331245
0.329,0.31614194,2459.100186,2.701269237,0.192787535
0.33,0.316828602,2457.973875,2.70267643,0.192247195
0.331,0.317514596,2456.850521,2.704078893,0.191710197
0.332,0.318199923,2455.730104,2.705476654,0.191176511
0.333,0.318884581,2454.612614,2.706869735,0.19064611
0.334,0.319568572,2453.498029,2.708258167,0.190118963
0.335,0.320251895,2452.386336,2.709641974,0.189595043
0.336,0.320934551,2451.277518,2.711021183,0.189074322
0.337,0.321616539,2450.171561,2.712395817,0.188556773
0.338,0.322297859,2449.068449,2.713765903,0.188042368
0.339,0.322978511,2447.968166,2.715131465,0.187531082
0.34,0.323658496,2446.870697,2.716492531,0.187022885
0.341,0.324337812,2445.776028,2.71784912,0.186517755
0.342,0.325016462,2444.684142,2.719201263,0.186015662
0.343,0.325694443,2443.595026,2.720548979,0.185516583
0.344,0.326371757,2442.508663,2.721892296,0.185020492
0.345,0.327048403,2441.425042,2.723231235,0.184527363
0.346,0.327724381,2440.344145,2.724565821,0.184037171
0.347,0.328399691,2439.265961,2.725896075,0.183549894
0.348,0.329074334,2438.190472,2.727222025,0.183065505
0.349,0.329748309,2437.117666,2.728543691,0.18258398
0.35,0.330421616,2436.04753,2.729861095,0.182105297
0.351,0.331094256,2434.980047,2.731174264,0.18162943
0.352,0.331766228,2433.915206,2.732483216,0.181156359
0.353,0.332437532,2432.852993,2.733787974,0.180686058
0.354,0.333108168,2431.793394,2.735088561,0.180218506
0.355,0.333778137,2430.736394,2.736385,0.17975368
0.356,0.334447438,2429.681982,2.737677311,0.179291557
0.357,0.335116071,2428.630145,2.738965516,0.178832117
0.358,0.335784037,2427.580866,2.740249639,0.178375335
0.359,0.336451335,2426.534137,2.741529697,0.177921192
0.36,0.337117965,2425.489942,2.742805714,0.177469666
0.361,0.337783927,2424.44827,2.744077708,0.177020736
0.362,0.338449222,2423.409106,2.745345704,0.17657438
0.363,0.339113848,2422.37244,2.746609718,0.17613058
0.364,0.339777808,2421.338257,2.747869776,0.175689312
0.365,0.340441099,2420.306547,2.749125892,0.175250559
0.366,0.341103723,2419.277295,2.750378091,0.174814298
0.367,0.341765679,2418.250491,2.75162639,0.174380512
0.368,0.342426967,2417.226123,2.752870809,0.17394918
0.369,0.343087588,2416.204177,2.75411137,0.173520282
0.37,0.34374754,2415.184644,2.755348088,0.173093801
0.371,0.344406826,2414.167509,2.756580989,0.172669714
0.372,0.345065443,2413.152762,2.757810086,0.172248007
0.373,0.345723393,2412.14039,2.759035401,0.171828658
0.374,0.346380674,2411.130385,2.76025695,0.171411651
0.375,0.347037289,2410.12273,2.761474757,0.170996965
0.376,0.347693235,2409.117418,2.762688835,0.170584584
0.377,0.348348514,2408.114437,2.763899206,0.17017449
0.378,0.349003125,2407.113774,2.765105887,0.169766665
0.379,0.349657068,2406.11542,2.766308895,0.169361091
0.38,0.350310344,2405.119361,2.767508251,0.168957751
0.381,0.350962952,2404.125589,2.768703971,0.168556628
0.382,0.351614892,2403.134092,2.769896072,0.168157705
0.383,0.352266164,2402.14486,2.771084572,0.167760966
0.384,0.352916769,2401.157881,2.77226949,0.167366393
0.385,0.353566706,2400.173145,2.773450842,0.16697397
0.386,0.354215975,2399.190642,2.774628644,0.166583681
0.387,0.354864576,2398.21036,2.775802915,0.16619551
0.388,0.35551251,2397.23229,2.776973672,0.16580944
0.389,0.356159776,2396.256421,2.778140931,0.165425457
0.39,0.356806374,2395.282743,2.779304709,0.165043543
0.391,0.357452305,2394.311245,2.780465023,0.164663684
0.392,0.358097568,2393.341918,2.781621889,0.164285865
0.393,0.358742163,2392.374753,2.782775322,0.16391007
0.394,0.35938609,2391.409738,2.783925339,0.163536284
0.395,0.36002935,2390.446864,2.785071958,0.163164493
0.396,0.360671942,2389.486121,2.786215193,0.16279468
0.397,0.361313866,2388.527499,2.787355059,0.162426833
0.398,0.361955123,2387.570989,2.788491575,0.162060936
0.399,0.362595712,2386.616581,2.789624754,0.161696975
0.4,0.363235633,2385.664266,2.790754611,0.161334936
0.401,0.363874886,2384.714034,2.791881163,0.160974805
0.402,0.364513472,2383.765875,2.793004425,0.160616568
0.403,0.36515139,2382.819782,2.794124411,0.160260211
0.404,0.36578864,2381.875743,2.795241137,0.159905721
0.405,0.366425222,2380.933751,2.796354618,0.159553083
0.406,0.367061137,2379.993795,2.797464869,0.159202285
0.407,0.367696384,2379.055868,2.798571904,0.158853313
0.408,0.368330963,2378.119959,2.799675738,0.158506155
0.409,0.368964875,2377.18606,2.800776386,0.158160796
0.41,0.369598118,2376.254164,2.80187386,0.157817226
0.411,0.370230694,2375.324259,2.802968177,0.157475429
0.412,0.370862603,2374.396337,2.804059353,0.157135394
0.413,0.371493843,2373.470391,2.805147396,0.156797109
0.414,0.372124416,2372.546411,2.806232325,0.15646056
0.415,0.372754322,2371.624388,2.807314154,0.156125736
0.416,0.373383559,2370.704316,2.808392892,0.155792625
0.417,0.374012129,2369.786184,2.809468558,0.155461213
0.418,0.374640031,2368.869985,2.810541163,0.155131491
0.419,0.375267265,2367.95571,2.81161072,0.154803445
0.42,0.375893832,2367.043351,2.812677245,0.154477063
0.421,0.37651973,2366.1329,2.813740748,0.154152335
0.422,0.377144962,2365.224348,2.814801246,0.153829248
0.423,0.377769525,2364.317689,2.815858749,0.153507792
0.424,0.378393421,2363.412913,2.816913271,0.153187955
0.425,0.379016649,2362.510012,2.817964826,0.152869725
0.426,0.379639209,2361.608979,2.819013425,0.152553093
0.427,0.380261101,2360.709806,2.820059081,0.152238046
0.428,0.380882326,2359.812485,2.821101809,0.151924573
0.429,0.381502883,2358.917008,2.82214162,0.151612664
0.43,0.382122772,2358.023369,2.823178525,0.15130231
0.431,0.382741994,2357.131557,2.82421254,0.150993497
0.432,0.383360548,2356.241567,2.825243675,0.150686216
0.433,0.383978434,2355.353391,2.826271942,0.150380457
0.434,0.384595652,2354.467021,2.827297353,0.15007621
0.435,0.385212203,2353.58245,2.828319923,0.149773464
0.436,0.385828086,2352.699671,2.82933966,0.149472209
0.437,0.386443301,2351.818675,2.830356579,0.149172434
0.438,0.387057849,2350.939456,2.831370691,0.148874131
0.439,0.387671728,2350.062008,2.832382005,0.148577289
0.44,0.388284941,2349.18632,2.833390539,0.148281898
0.441,0.388897485,2348.312389,2.834396298,0.147987949
0.442,0.389509361,2347.440206,2.835399296,0.147695433
0.443,0.39012057,2346.569764,2.836399546,0.147404338
0.444,0.390731111,2345.701056,2.837397058,0.147114657
0.445,0.391340985,2344.834074,2.838391844,0.146826379
0.446,0.391950191,2343.968813,2.839383915,0.146539496
0.447,0.392558729,2343.105265,2.840373281,0.146253998
0.448,0.393166599,2342.243424,2.841359954,0.145969876
0.449,0.393773801,2341.383283,2.842343944,0.145687122
0.45,0.394380336,2340.524835,2.843325264,0.145405725
0.451,0.394986203,2339.668072,2.844303924,0.145125678
0.452,0.395591403,2338.812989,2.845279935,0.144846971
0.453,0.396195934,2337.95958,2.846253306,0.144569596
0.454,0.396799798,2337.107837,2.84722405,0.144293544
0.455,0.397402994,2336.257754,2.848192176,0.144018807
0.456,0.398005523,2335.409323,2.849157696,0.143745376
0.457,0.398607384,2334.562541,2.850120619,0.143473242
0.458,0.399208577,2333.717398,2.851080956,0.143202397
0.459,0.399809102,2332.87389,2.852038717,0.142932834
0.46,0.400408959,2332.032011,2.852993912,0.142664543
0.461,0.401008149,2331.191752,2.853946552,0.142397517
0.462,0.401606671,2330.353109,2.854896647,0.142131747
0.463,0.402204526,2329.516075,2.855844208,0.141867226
0.464,0.402801712,2328.680645,2.856789242,0.141603945
0.465,0.403398231,2327.846811,2.857731761,0.141341897
0.466,0.403994082,2327.014569,2.858671775,0.141081074
0.467,0.404589266,2326.18391,2.859609295,0.140821468
0.468,0.405183782,2325.354831,2.860544328,0.140563071
0.469,0.40577763,2324.527325,2.861476884,0.140305877
0.47,0.40637081,2323.701386,2.862406974,0.140049877
0.471,0.406963323,2322.877007,2.863334608,0.139795063
0.472,0.407555167,2322.054185,2.864259792,0.139541429
0.473,0.408146345,2321.23291,2.865182541,0.139288967
0.474,0.408736854,2320.413181,2.866102859,0.139037669
0.475,0.409326696,2319.594988,2.867020759,0.138787529
0.476,0.40991587,2318.778328,2.867936249,0.13853854
0.477,0.410504376,2317.963195,2.868849337,0.138290693
0.478,0.411092214,2317.149583,2.869760033,0.138043983
0.479,0.411679385,2316.337485,2.870668348,0.137798402
0.48,0.412265888,2315.526898,2.871574288,0.137553943
0.481,0.412851723,2314.717815,2.872477863,0.1373106
0.482,0.413436891,2313.91023,2.873379084,0.137068364
0.483,0.414021391,2313.104137,2.874277958,0.13682723
0.484,0.414605223,2312.299534,2.875174493,0.136587192
0.485,0.415188387,2311.496413,2.876068698,0.136348242
0.486,0.415770884,2310.694768,2.876960584,0.136110373
0.487,0.416352713,2309.894595,2.877850157,0.135873579
0.488,0.416933874,2309.095889,2.878737426,0.135637855
0.489,0.417514368,2308.298643,2.879622402,0.135403192
0.49,0.418094194,2307.502854,2.880505091,0.135169584
0.491,0.418673352,2306.708515,2.881385502,0.134937027
0.492,0.419251842,2305.915621,2.882263643,0.134705512
0.493,0.419829665,2305.124168,2.883139524,0.134475034
0.494,0.42040682,2304.33415,2.884013151,0.134245587
0.495,0.420983307,2303.545562,2.884884534,0.134017164
0.496,0.421559126,2302.7584,2.88575368,0.13378976
0.497,0.422134278,2301.972657,2.886620598,0.133563368
0.498,0.422708762,2301.188329,2.887485296,0.133337982
0.499,0.423282578,2300.405412,2.888347781,0.133113597
0.5,0.423855727,2299.6239,2.889208063,0.132890206
0.501,0.424428208,2298.843788,2.890066148,0.132667804
0.502,0.425000021,2298.065071,2.890922045,0.132446384
0.503,0.425571166,2297.287746,2.89177576,0.132225942
0.504,0.426141644,2296.511805,2.892627305,0.13200647
0.505,0.426711454,2295.737246,2.893476683,0.131787964
0.506,0.427280596,2294.964063,2.894323904,0.131570419
0.507,0.42784907,2294.192251,2.895168976,0.131353827
0.508,0.428416877,2293.421807,2.896011906,0.131138184
0.509,0.428984016,2292.652724,2.896852701,0.130923485
0.51,0.429550487,2291.884999,2.89769137,0.130709724
0.511,0.430116291,2291.118626,2.89852792,0.130496894
0.512,0.430681427,2290.353602,2.899362357,0.130284992
0.513,0.431245895,2289.589921,2.90019469,0.130074012
0.514,0.431809695,2288.82758,2.901024925,0.129863948
0.515,0.432372828,2288.066573,2.901853072,0.129654795
0.516,0.432935293,2287.306896,2.902679135,0.129446548
0.517,0.43349709,2286.548545,2.903503123,0.129239201
0.518,0.43405822,2285.791514,2.904325044,0.12903275
0.519,0.434618681,2285.035802,2.905144901,0.12882719
0.52,0.435178476,2284.281401,2.905962708,0.128622515
0.521,0.435737602,2283.528309,2.906778465,0.128418721
0.522,0.43629606,2282.77652,2.907592183,0.128215802
0.523,0.436853851,2282.02603,2.908403869,0.128013753
0.524,0.437410974,2281.276836,2.909213528,0.12781257
0.525,0.43796743,2280.528932,2.91002117,0.127612248
0.526,0.438523218,2279.782314,2.910826799,0.127412781
0.527,0.439078338,2279.03698,2.911630422,0.127214166
0.528,0.43963279,2278.292924,2.912432046,0.127016397
0.529,0.440186574,2277.550142,2.913231678,0.12681947
0.53,0.440739691,2276.808629,2.914029327,0.126623379
0.531,0.44129214,2276.068383,2.914824996,0.126428121
0.532,0.441843921,2275.329398,2.915618693,0.12623369
0.533,0.442395035,2274.59167,2.916410426,0.126040082
0.534,0.442945481,2273.855196,2.9172002,0.125847293
0.535,0.443495259,2273.119972,2.917988022,0.125655317
0.536,0.44404437,2272.385993,2.918773899,0.125464151
0.537,0.444592812,2271.653256,2.919557835,0.125273791
0.538,0.445140587,2270.921757,2.920339839,0.125084231
0.539,0.445687695,2270.19149,2.921119918,0.124895466
0.54,0.446234134,2269.462454,2.921898075,0.124707494
0.541,0.446779906,2268.734644,2.922674319,0.12452031
0.542,0.44732501,2268.008055,2.923448656,0.124333908
0.543,0.447869446,2267.282685,2.924221091,0.124148286
0.544,0.448413215,2266.558528,2.924991632,0.123963438
0.545,0.448956316,2265.835583,2.925760283,0.123779361
0.546,0.449498749,2265.113844,2.926527052,0.123596051
0.547,0.450040515,2264.393307,2.927291944,0.123413502
0.548,0.450581612,2263.673971,2.928054965,0.123231712
0.549,0.451122042,2262.955829,2.928816122,0.123050676
0.55,0.451661805,2262.238879,2.929575421,0.122870389
0.551,0.452200899,2261.523117,2.930332866,0.122690849
0.552,0.452739326,2260.80854,2.931088465,0.122512051
0.553,0.453277085,2260.095143,2.931842223,0.122333991
0.554,0.453814177,2259.382923,2.932594147,0.122156665
0.555,0.4543506,2258.671877,2.933344241,0.12198007
0.556,0.454886356,2257.962001,2.934092512,0.1218042
0.557,0.455421444,2257.253291,2.934838965,0.121629054
0.558,0.455955865,2256.545744,2.935583607,0.121454625
0.559,0.456489618,2255.839356,2.936326443,0.121280912
0.56,0.457022703,2255.134124,2.937067478,0.12110791
0.561,0.45755512,2254.430044,2.937806718,0.120935615
0.562,0.45808687,2253.727113,2.93854417,0.120764024
0.563,0.458617951,2253.025327,2.939279837,0.120593133
0.564,0.459148366,2252.324683,2.940013728,0.120422938
0.565,0.459678112,2251.625178,2.940745845,0.120253436
0.566,0.460207191,2250.926807,2.941476195,0.120084623
0.567,0.460735602,2250.229569,2.942204784,0.119916496
0.568,0.461263345,2249.533458,2.942931617,0.11974905
0.569,0.46179042,2248.838473,2.943656698,0.119582284
0.57,0.462316828,2248.144609,2.944380035,0.119416191
0.571,0.462842568,2247.451864,2.945101632,0.119250771
0.572,0.463367641,2246.760233,2.945821495,0.119086018
0.573,0.463892045,2246.069715,2.946539627,0.11892193
0.574,0.464415782,2245.380305,2.947256036,0.118758503
0.575,0.464938851,2244.692001,2.947970725,0.118595733
0.576,0.465461253,2244.004798,2.948683702,0.118433618
0.577,0.465982986,2243.318694,2.949394969,0.118272155
0.578,0.466504052,2242.633686,2.950104534,0.118111338
0.579,0.467024451,2241.94977,2.950812401,0.117951166
0.58,0.467544181,2241.266943,2.951518574,0.117791636
0.581,0.468063244,2240.585203,2.952223059,0.117632743
0.582,0.468581639,2239.904546,2.952925862,0.117474485
0.583,0.469099366,2239.224969,2.953626986,0.117316858
0.584,0.469616426,2238.546468,2.954326438,0.11715986
0.585,0.470132818,2237.869042,2.955024221,0.117003487
0.586,0.470648542,2237.192687,2.955720341,0.116847736
0.587,0.471163599,2236.517398,2.956414804,0.116692603
0.588,0.471677987,2235.843175,2.957107613,0.116538087
0.589,0.472191708,2235.170013,2.957798773,0.116384183
0.59,0.472704762,2234.49791,2.958488291,0.116230889
0.591,0.473217147,2233.826863,2.959176169,0.116078201
0.592,0.473728865,2233.156867,2.959862414,0.115926117
0.593,0.474239915,2232.487923,2.960547029,0.115774634
0.594,0.474750298,2231.820024,2.961230021,0.115623748
0.595,0.475260012,2231.15317,2.961911391,0.115473457
0.596,0.475769059,2230.487357,2.962591147,0.115323757
0.597,0.476277438,2229.822582,2.963269293,0.115174647
0.598,0.47678515,2229.158841,2.963945834,0.115026122
0.599,0.477292194,2228.496134,2.964620773,0.114878181
0.6,0.47779857,2227.834456,2.965294115,0.114730819
0.601,0.478304278,2227.173805,2.965965865,0.114584036
0.602,0.478809319,2226.514177,2.966636029,0.114437826
0.603,0.479313691,2225.855571,2.967304608,0.114292189
0.604,0.479817397,2225.197982,2.967971611,0.11414712
0.605,0.480320434,2224.541409,2.968637039,0.114002618
0.606,0.480822804,2223.885849,2.969300898,0.113858679
0.607,0.481324506,2223.231299,2.969963191,0.113715301
0.608,0.48182554,2222.577757,2.970623924,0.11357248
0.609,0.482325906,2221.925219,2.9712831,0.113430216
0.61,0.482825605,2221.273682,2.971940725,0.113288504
0.611,0.483324636,2220.623146,2.972596802,0.113147342
0.612,0.483823,2219.973604,2.973251337,0.113006727
0.613,0.484320695,2219.325057,2.973904332,0.112866657
0.614,0.484817723,2218.677502,2.974555793,0.11272713
0.615,0.485314083,2218.030934,2.975205723,0.112588142
0.616,0.485809776,2217.385352,2.975854128,0.112449691
0.617,0.4863048,2216.740755,2.97650101,0.112311774
0.618,0.486799157,2216.097137,2.977146374,0.11217439
0.619,0.487292847,2215.454497,2.977790226,0.112037534
0.62,0.487785868,2214.812834,2.978432567,0.111901206
0.621,0.488278222,2214.172143,2.979073404,0.111765403
0.622,0.488769908,2213.532422,2.979712739,0.111630121
0.623,0.489260926,2212.893669,2.980350577,0.111495359
0.624,0.489751277,2212.255882,2.980986923,0.111361113
0.625,0.49024096,2211.619057,2.981621779,0.111227383
0.626,0.490729975,2210.983192,2.982255151,0.111094165
0.627,0.491218322,2210.348286,2.982887041,0.110961456
0.628,0.491706002,2209.714335,2.983517454,0.110829256
0.629,0.492193014,2209.081337,2.984146395,0.11069756
0.63,0.492679359,2208.449288,2.984773868,0.110566367
0.631,0.493165035,2207.818189,2.985399874,0.110435674
0.632,0.493650044,2207.188035,2.986024419,0.11030548
0.633,0.494134385,2206.558824,2.986647507,0.110175782
0.634,0.494618058,2205.930553,2.987269142,0.110046577
0.635,0.495101064,2205.303221,2.987889327,0.109917864
0.636,0.495583402,2204.676825,2.988508067,0.109789639
0.637,0.496065072,2204.051363,2.989125364,0.109661901
0.638,0.496546075,2203.426831,2.989741224,0.109534648
0.639,0.497026409,2202.80323,2.990355648,0.109407878
0.64,0.497506076,2202.180554,2.990968643,0.109281587
0.641,0.497985076,2201.558802,2.991580212,0.109155774
0.642,0.498463407,2200.937973,2.992190356,0.109030437
0.643,0.498941071,2200.318063,2.992799081,0.108905574
0.644,0.499418067,2199.699071,2.99340639,0.108781183
0.645,0.499894396,2199.080992,2.994012289,0.10865726
0.646,0.500370056,2198.463828,2.994616777,0.108533805
0.647,0.500845049,2197.847574,2.995219861,0.108410816
0.648,0.501319375,2197.232228,2.995821546,0.108288288
0.649,0.501793032,2196.617788,2.996421831,0.108166223
0.65,0.502266022,2196.004252,2.997020723,0.108044616
0.651,0.502738344,2195.391618,2.997618224,0.107923466
0.652,0.503209998,2194.779883,2.998214338,0.107802771
0.653,0.503680985,2194.169046,2.998809069,0.107682528
0.654,0.504151304,2193.559103,2.999402421,0.107562737
0.655,0.504620955,2192.950053,2.999994396,0.107443394
0.656,0.505089938,2192.341895,3.000584997,0.107324498
0.657,0.505558254,2191.734624,3.00117423,0.107206047
0.658,0.506025902,2191.12824,3.001762097,0.107088039
0.659,0.506492882,2190.52274,3.002348601,0.106970471
0.66,0.506959195,2189.918122,3.002933747,0.106853343
0.661,0.50742484,2189.314384,3.003517537,0.106736651
0.662,0.507889817,2188.711525,3.004099974,0.106620395
0.663,0.508354126,2188.109541,3.004681062,0.106504572
0.664,0.508817768,2187.508431,3.005260805,0.10638918
0.665,0.509280741,2186.908193,3.005839204,0.106274218
0.666,0.509743048,2186.308824,3.006416266,0.106159683
0.667,0.510204686,2185.710324,3.006991991,0.106045575
0.668,0.510665657,2185.112688,3.007566385,0.105931889
0.669,0.51112596,2184.515916,3.008139449,0.105818626
0.67,0.511585595,2183.920005,3.008711187,0.105705783
0.671,0.512044563,2183.324953,3.009281604,0.105593359
0.672,0.512502862,2182.730761,3.009850699,0.105481351
0.673,0.512960495,2182.137422,3.01041848,0.105369758
0.674,0.513417459,2181.544937,3.010984947,0.105258578
0.675,0.513873756,2180.953304,3.011550105,0.105147809
0.676,0.514329385,2180.36252,3.012113956,0.10503745
0.677,0.514784346,2179.772584,3.012676502,0.104927498
0.678,0.515238639,2179.183494,3.013237749,0.104817953
0.679,0.515692265,2178.595247,3.013797699,0.104708811
0.68,0.516145223,2178.007842,3.014356354,0.104600073
0.681,0.516597513,2177.421277,3.014913718,0.104491735
0.682,0.517049136,2176.835549,3.015469795,0.104383796
0.683,0.517500091,2176.250658,3.016024586,0.104276255
0.684,0.517950378,2175.666601,3.016578096,0.104169109
0.685,0.518399997,2175.083376,3.017130326,0.104062358
0.686,0.518848949,2174.500981,3.017681281,0.103955999
0.687,0.519297233,2173.919415,3.018230964,0.103850031
0.688,0.519744849,2173.338676,3.018779375,0.103744452
0.689,0.520191798,2172.75876,3.019326521,0.103639261
0.69,0.520638078,2172.179669,3.019872402,0.103534456
0.691,0.521083691,2171.601398,3.020417022,0.103430035
0.692,0.521528637,2171.023946,3.020960386,0.103325996
0.693,0.521972914,2170.447312,3.021502492,0.103222339
0.694,0.522416524,2169.871493,3.022043348,0.103119061
0.695,0.522859466,2169.296488,3.022582954,0.103016162
0.696,0.523301741,2168.722295,3.023121314,0.102913639
0.697,0.523743347,2168.148913,3.023658429,0.10281149
0.698,0.524184286,2167.576339,3.024194304,0.102709716
0.699,0.524624558,2167.004571,3.024728943,0.102608312
0.7,0.525064161,2166.433609,3.025262344,0.10250728
0.701,0.525503097,2165.863449,3.025794515,0.102406615
0.702,0.525941365,2165.294091,3.026325456,0.102306318
0.703,0.526378965,2164.725533,3.026855169,0.102206388
0.704,0.526815898,2164.157772,3.02738366,0.102106821
0.705,0.527252163,2163.590808,3.027910929,0.102007617
0.706,0.52768776,2163.024638,3.02843698,0.101908774
0.707,0.52812269,2162.459261,3.028961816,0.101810291
0.708,0.528556951,2161.894675,3.029485438,0.101712167
0.709,0.528990545,2161.330878,3.03000785,0.101614399
0.71,0.529423471,2160.76787,3.030529055,0.101516987
0.711,0.52985573,2160.205646,3.031049056,0.101419929
0.712,0.530287321,2159.644208,3.031567854,0.101323224
0.713,0.530718244,2159.083552,3.032085453,0.10122687
0.714,0.531148499,2158.523677,3.032601854,0.101130866
0.715,0.531578087,2157.964582,3.033117062,0.10103521
0.716,0.532007007,2157.406264,3.033631079,0.100939901
0.717,0.532435259,2156.848722,3.034143906,0.100844939
0.718,0.532862844,2156.291955,3.034655548,0.10075032
0.719,0.53328976,2155.735961,3.035166004,0.100656044
0.72,0.533716009,2155.180738,3.035675281,0.10056211
0.721,0.534141591,2154.626284,3.03618338,0.100468516
0.722,0.534566504,2154.072599,3.036690301,0.100375261
0.723,0.53499075,2153.51968,3.03719605,0.100282344
0.724,0.535414328,2152.967526,3.037700627,0.100189762
0.725,0.535837239,2152.416135,3.038204037,0.100097516
0.726,0.536259481,2151.865506,3.03870628,0.100005603
0.727,0.536681056,2151.315637,3.03920736,0.099914023
0.728,0.537101963,2150.766527,3.039707279,0.099822774
0.729,0.537522203,2150.218174,3.04020604,0.099731854
0.73,0.537941775,2149.670575,3.040703646,0.099641262
0.731,0.538360679,2149.123732,3.041200097,0.099550998
0.732,0.538778915,2148.577641,3.041695397,0.09946106
0.733,0.539196484,2148.0323,3.04218955,0.099371446
0.734,0.539613384,2147.48771,3.042682554,0.099282156
0.735,0.540029618,2146.943866,3.043174417,0.099193188
0.736,0.540445183,2146.400769,3.043665138,0.099104541
0.737,0.540860081,2145.858417,3.04415472,0.099016213
0.738,0.541274311,2145.316809,3.044643165,0.098928204
0.739,0.541687873,2144.775942,3.045130476,0.098840512
0.74,0.542100767,2144.235817,3.045616654,0.098753136
0.741,0.542512994,2143.69643,3.046101704,0.098666075
0.742,0.542924553,2143.15778,3.046585626,0.098579328
0.743,0.543335445,2142.619866,3.047068425,0.098492892
0.744,0.543745668,2142.082688,3.047550099,0.098406769
0.745,0.544155224,2141.546242,3.048030655,0.098320955
0.746,0.544564112,2141.010528,3.048510091,0.09823545
0.747,0.544972333,2140.475544,3.048988414,0.098150252
0.748,0.545379885,2139.94129,3.049465621,0.098065362
0.749,0.54578677,2139.407762,3.049941718,0.097980777
0.75,0.546192988,2138.87496,3.050416707,0.097896495
0.751,0.546598537,2138.342884,3.050890588,0.097812517
0.752,0.547003419,2137.81153,3.051363366,0.097728841
0.753,0.547407633,2137.280899,3.051835041,0.097645466
0.754,0.547811179,2136.750988,3.052305616,0.097562391
0.755,0.548214058,2136.221796,3.052775094,0.097479614
0.756,0.548616269,2135.693321,3.053243477,0.097397135
0.757,0.549017812,2135.165563,3.053710765,0.097314952
0.758,0.549418688,2134.638519,3.054176964,0.097233064
0.759,0.549818895,2134.11219,3.054642072,0.097151471
0.76,0.550218435,2133.586573,3.055106094,0.097070171
0.761,0.550617308,2133.061666,3.055569032,0.096989163
0.762,0.551015512,2132.537469,3.056030887,0.096908446
0.763,0.551413049,2132.01398,3.056491662,0.096828018
0.764,0.551809918,2131.491198,3.056951358,0.09674788
0.765,0.55220612,2130.969122,3.057409979,0.096668029
0.766,0.552601653,2130.44775,3.057867524,0.096588466
0.767,0.552996519,2129.927081,3.058323999,0.096509188
0.768,0.553390717,2129.407113,3.058779403,0.096430194
0.769,0.553784248,2128.887846,3.05923374,0.096351485
0.77,0.554177111,2128.369278,3.059687011,0.096273058
0.771,0.554569306,2127.851407,3.060139219,0.096194912
0.772,0.554960833,2127.334233,3.060590364,0.096117047
0.773,0.555351693,2126.817754,3.061040451,0.096039462
0.774,0.555741884,2126.30197,3.061489478,0.095962155
0.775,0.556131409,2125.786877,3.061937452,0.095885126
0.776,0.556520265,2125.272476,3.062384371,0.095808374
0.777,0.556908454,2124.758764,3.06283024,0.095731897
0.778,0.557295975,2124.245742,3.063275059,0.095655694
0.779,0.557682828,2123.733408,3.063718829,0.095579766
0.78,0.558069013,2123.22176,3.064161554,0.09550411
0.781,0.558454531,2122.710796,3.064603237,0.095428725
0.782,0.558839381,2122.200517,3.065043877,0.095353612
0.783,0.559223564,2121.69092,3.065483479,0.095278768
0.784,0.559607078,2121.182006,3.065922041,0.095204193
0.785,0.559989925,2120.673771,3.066359568,0.095129886
0.786,0.560372104,2120.166215,3.066796061,0.095055846
0.787,0.560753616,2119.659336,3.067231524,0.094982072
0.788,0.561134459,2119.153135,3.067665954,0.094908563
0.789,0.561514635,2118.647609,3.068099358,0.094835318
0.79,0.561894144,2118.142756,3.068531736,0.094762336
0.791,0.562272984,2117.638578,3.068963088,0.094689617
0.792,0.562651157,2117.135071,3.069393418,0.094617159
0.793,0.563028662,2116.632235,3.069822728,0.094544962
0.794,0.563405499,2116.130068,3.070251018,0.094473024
0.795,0.563781669,2115.628569,3.070678293,0.094401345
0.796,0.564157171,2115.127738,3.071104552,0.094329924
0.797,0.564532005,2114.627572,3.071529798,0.094258759
0.798,0.564906172,2114.128072,3.071954033,0.094187851
0.799,0.56527967,2113.629235,3.072377257,0.094117198
0.8,0.565652501,2113.131061,3.072799474,0.0940468
0.801,0.566024665,2112.633548,3.073220686,0.093976654
0.802,0.56639616,2112.136696,3.073640893,0.093906761
0.803,0.566766988,2111.640502,3.074060098,0.09383712
0.804,0.567137148,2111.144967,3.074478302,0.09376773
0.805,0.56750664,2110.650089,3.074895507,0.09369859
0.806,0.567875465,2110.155866,3.075311716,0.093629699
0.807,0.568243622,2109.662298,3.075726929,0.093561056
0.808,0.568611111,2109.169385,3.076141148,0.093492661
0.809,0.568977933,2108.677122,3.076554377,0.093424512
0.81,0.569344087,2108.185512,3.076966615,0.09335661
0.811,0.569709573,2107.694552,3.077377865,0.093288952
0.812,0.570074391,2107.204242,3.077788127,0.093221538
0.813,0.570438541,2106.714579,3.078197405,0.093154368
0.814,0.570802024,2106.225564,3.0786057,0.093087441
0.815,0.571164839,2105.737195,3.079013013,0.093020755
0.816,0.571526987,2105.24947,3.079419348,0.09295431
0.817,0.571888467,2104.762389,3.079824704,0.092888105
0.818,0.572249278,2104.275952,3.080229082,0.09282214
0.819,0.572609423,2103.790156,3.080632487,0.092756413
0.82,0.572968899,2103.305001,3.081034918,0.092690924
0.821,0.573327708,2102.820485,3.081436378,0.092625672
0.822,0.573685849,2102.336608,3.081836869,0.092560656
0.823,0.574043322,2101.853369,3.08223639,0.092495876
0.824,0.574400128,2101.370766,3.082634947,0.09243133
0.825,0.574756266,2100.888798,3.083032538,0.092367019
0.826,0.575111736,2100.407466,3.083429165,0.09230294
0.827,0.575466538,2099.926767,3.08382483,0.092239094
0.828,0.575820673,2099.4467,3.084219537,0.092175479
0.829,0.57617414,2098.967265,3.084613284,0.092112096
0.83,0.576526939,2098.48846,3.085006075,0.092048943
0.831,0.576879071,2098.010284,3.085397911,0.091986018
0.832,0.577230535,2097.532737,3.085788793,0.091923323
0.833,0.577581331,2097.055818,3.086178722,0.091860856
0.834,0.577931459,2096.579525,3.086567701,0.091798616
0.835,0.57828092,2096.103857,3.086955732,0.091736602
0.836,0.578629713,2095.628815,3.087342814,0.091674814
0.837,0.578977838,2095.154395,3.087728951,0.091613252
0.838,0.579325295,2094.680598,3.088114143,0.091551913
0.839,0.579672085,2094.207423,3.088498393,0.091490798
0.84,0.580018207,2093.734868,3.088881702,0.091429906
0.841,0.580363661,2093.262934,3.08926407,0.091369237
0.842,0.580708448,2092.791616,3.089645502,0.091308788
0.843,0.581052567,2092.320918,3.090025996,0.091248561
0.844,0.581396018,2091.850836,3.090405554,0.091188554
0.845,0.581738801,2091.38137,3.090784179,0.091128766
0.846,0.582080917,2090.912519,3.091161872,0.091069197
0.847,0.582422365,2090.444282,3.091538634,0.091009846
0.848,0.582763145,2089.976658,3.091914466,0.090950713
0.849,0.583103257,2089.509647,3.09228937,0.090891796
0.85,0.583442702,2089.043246,3.092663349,0.090833095
0.851,0.583781479,2088.577455,3.093036402,0.09077461
0.852,0.584119589,2088.112274,3.093408533,0.090716339
0.853,0.58445703,2087.647701,3.093779741,0.090658282
0.854,0.584793804,2087.183736,3.094150028,0.090600439
0.855,0.58512991,2086.720377,3.094519396,0.090542809
0.856,0.585465348,2086.257624,3.094887847,0.09048539
0.857,0.585800119,2085.795476,3.095255381,0.090428184
0.858,0.586134222,2085.333932,3.095622001,0.090371187
0.859,0.586467657,2084.872991,3.095987706,0.090314402
0.86,0.586800425,2084.412651,3.096352501,0.090257825
0.861,0.587132525,2083.952914,3.096716384,0.090201457
0.862,0.587463957,2083.493776,3.097079358,0.090145298
0.863,0.587794721,2083.035238,3.097441424,0.090089346
0.864,0.588124818,2082.577298,3.097802584,0.090033601
0.865,0.588454246,2082.119957,3.098162837,0.089978063
0.866,0.588783008,2081.663212,3.098522188,0.089922731
0.867,0.589111101,2081.207063,3.098880636,0.089867603
0.868,0.589438527,2080.75151,3.099238183,0.08981268
0.869,0.589765285,2080.29655,3.09959483,0.089757962
0.87,0.590091375,2079.842184,3.099950579,0.089703446
0.871,0.590416797,2079.388411,3.10030543,0.089649133
0.872,0.590741552,2078.93523,3.100659386,0.089595022
0.873,0.591065639,2078.482639,3.101012448,0.089541113
0.874,0.591389059,2078.030638,3.101364617,0.089487404
0.875,0.59171181,2077.579227,3.101715893,0.089433897
0.876,0.592033894,2077.128403,3.10206628,0.089380588
0.877,0.59235531,2076.678168,3.102415777,0.089327479
0.878,0.592676059,2076.228519,3.102764386,0.089274569
0.879,0.59299614,2075.779456,3.103112109,0.089221856
0.88,0.593315553,2075.330978,3.103458947,0.089169341
0.881,0.593634298,2074.883084,3.1038049,0.089117023
0.882,0.593952375,2074.435775,3.10414997,0.089064901
0.883,0.594269785,2073.989047,3.104494159,0.089012974
0.884,0.594586527,2073.542902,3.104837468,0.088961243
0.885,0.594902602,2073.097337,3.105179899,0.088909707
0.886,0.595218008,2072.652353,3.10552145,0.088858364
0.887,0.595532747,2072.207948,3.105862126,0.088807215
0.888,0.595846818,2071.764122,3.106201926,0.088756259
0.889,0.596160222,2071.320873,3.106540854,0.088705495
0.89,0.596472958,2070.878202,3.106878908,0.088654923
0.891,0.596785026,2070.436108,3.10721609,0.088604543
0.892,0.597096426,2069.994588,3.107552402,0.088554353
0.893,0.597407158,2069.553645,3.107887844,0.088504353
0.894,0.597717223,2069.113273,3.10822242,0.088454543
0.895,0.59802662,2068.673476,3.108556128,0.088404922
0.896,0.59833535,2068.234251,3.108888972,0.08835549
0.897,0.598643412,2067.795598,3.109220951,0.088306245
0.898,0.598950805,2067.357516,3.109552065,0.088257189
0.899,0.599257532,2066.920004,3.10988232,0.088208319
0.9,0.59956359,2066.483062,3.110211712,0.088159636
0.901,0.599868981,2066.046687,3.110540246,0.088111139
0.902,0.600173704,2065.610881,3.110867921,0.088062827
0.903,0.600477759,2065.175643,3.111194738,0.0880147
0.904,0.600781147,2064.74097,3.111520701,0.087966758
0.905,0.601083867,2064.306863,3.111845808,0.087918999
0.906,0.601385919,2063.873322,3.112170061,0.087871424
0.907,0.601687303,2063.440344,3.112493461,0.087824032
0.908,0.60198802,2063.00793,3.11281601,0.087776823
0.909,0.602288069,2062.576079,3.113137709,0.087729795
0.91,0.60258745,2062.14479,3.113458558,0.087682949
0.911,0.602886164,2061.714062,3.11377856,0.087636283
0.912,0.60318421,2061.283895,3.114097715,0.087589798
0.913,0.603481588,2060.854288,3.114416023,0.087543493
0.914,0.603778298,2060.42524,3.114733487,0.087497368
0.915,0.604074341,2059.99675,3.115050107,0.087451422
0.916,0.604369715,2059.568819,3.115365884,0.087405654
0.917,0.604664423,2059.141444,3.115680821,0.087360064
0.918,0.604958462,2058.714626,3.115994916,0.087314652
0.919,0.605251834,2058.288363,3.116308173,0.087269416
0.92,0.605544538,2057.862655,3.116620592,0.087224358
0.921,0.605836574,2057.437502,3.116932173,0.087179475
0.922,0.606127943,2057.012903,3.117242918,0.087134768
0.923,0.606418643,2056.588856,3.117552828,0.087090237
0.924,0.606708677,2056.165361,3.117861905,0.08704588
0.925,0.606998042,2055.742419,3.118170148,0.087001698
0.926,0.60728674,2055.320027,3.11847756,0.086957689
0.927,0.607574769,2054.898185,3.11878414,0.086913854
0.928,0.607862132,2054.476893,3.119089892,0.086870191
0.929,0.608148826,2054.05615,3.119394814,0.086826702
0.93,0.608434853,2053.635955,3.119698909,0.086783384
0.931,0.608720212,2053.216307,3.120002177,0.086740238
0.932,0.609004903,2052.797207,3.12030462,0.086697263
0.933,0.609288927,2052.378653,3.120606238,0.086654458
0.934,0.609572283,2051.960644,3.120907033,0.086611824
0.935,0.609854971,2051.54318,3.121207005,0.08656936
0.936,0.610136991,2051.126261,3.121506155,0.086527065
0.937,0.610418344,2050.709885,3.121804485,0.08648494
0.938,0.610699029,2050.294053,3.122101995,0.086442982
0.939,0.610979046,2049.878762,3.122398687,0.086401193
0.94,0.611258395,2049.464014,3.122694561,0.086359572
0.941,0.611537077,2049.049806,3.122989619,0.086318118
0.942,0.611815091,2048.636139,3.123283861,0.08627683
0.943,0.612092437,2048.223012,3.123577288,0.08623571
0.944,0.612369116,2047.810424,3.123869902,0.086194755
0.945,0.612645127,2047.398375,3.124161703,0.086153965
0.946,0.61292047,2046.986863,3.124452693,0.086113341
0.947,0.613195145,2046.57589,3.124742871,0.086072882
0.948,0.613469153,2046.165453,3.12503224,0.086032587
0.949,0.613742493,2045.755552,3.1253208,0.085992456
0.95,0.614015165,2045.346186,3.125608552,0.085952489
0.951,0.61428717,2044.937355,3.125895498,0.085912684
0.952,0.614558507,2044.529059,3.126181637,0.085873043
0.953,0.614829176,2044.121296,3.126466971,0.085833563
0.954,0.615099177,2043.714067,3.126751501,0.085794246
0.955,0.615368511,2043.307369,3.127035228,0.08575509
0.956,0.615637177,2042.901205,3.127318152,0.085716096
0.957,0.615905175,2042.495571,3.127600275,0.085677262
0.958,0.616172505,2042.090468,3.127881597,0.085638589
0.959,0.616439168,2041.685895,3.12816212,0.085600076
0.96,0.616705163,2041.281852,3.128441844,0.085561722
0.961,0.61697049,2040.878338,3.12872077,0.085523528
0.962,0.61723515,2040.475352,3.1289989,0.085485492
0.963,0.617499141,2040.072894,3.129276233,0.085447615
0.964,0.617762466,2039.670962,3.129552773,0.085409895
0.965,0.618025122,2039.269559,3.129828516,0.085372334
0.966,0.618287111,2038.86868,3.130103468,0.08533493
0.967,0.618548431,2038.468328,3.130377625,0.085297683
0.968,0.618809085,2038.0685,3.130650993,0.085260593
0.969,0.61906907,2037.669197,3.130923569,0.085223659
0.97,0.619328388,2037.270418,3.131195355,0.085186881
0.971,0.619587038,2036.872162,3.131466352,0.085150258
0.972,0.61984502,2036.474429,3.131736561,0.08511379
0.973,0.620102335,2036.077217,3.132005984,0.085077477
0.974,0.620358982,2035.680528,3.132274619,0.085041319
0.975,0.620614961,2035.28436,3.132542469,0.085005315
0.976,0.620870272,2034.888712,3.132809534,0.084969464
0.977,0.621124916,2034.493584,3.133075815,0.084933767
0.978,0.621378892,2034.098976,3.133341313,0.084898223
0.979,0.6216322,2033.704887,3.133606029,0.084862831
0.98,0.62188484,2033.311316,3.133869963,0.084827592
0.981,0.622136813,2032.918262,3.134133117,0.084792505
0.982,0.622388118,2032.525727,3.134395491,0.084757569
0.983,0.622638755,2032.133708,3.134657085,0.084722785
0.984,0.622888725,2031.742205,3.134917902,0.084688152
0.985,0.623138027,2031.351218,3.135177942,0.084653669
0.986,0.623386661,2030.960746,3.135437205,0.084619337
0.987,0.623634627,2030.570789,3.135695692,0.084585154
0.988,0.623881926,2030.181346,3.135953404,0.084551121
0.989,0.624128557,2029.792417,3.136210342,0.084517238
0.99,0.62437452,2029.404001,3.136466506,0.084483503
0.991,0.624619816,2029.016097,3.136721899,0.084449917
0.992,0.624864444,2028.628706,3.136976519,0.084416479
0.993,0.625108404,2028.241827,3.137230368,0.08438319
0.994,0.625351696,2027.855458,3.137483447,0.084350047
0.995,0.625594321,2027.4696,3.137735756,0.084317053
0.996,0.625836277,2027.084253,3.137987296,0.084284205
0.997,0.626077567,2026.699414,3.13823807,0.084251503
0.998,0.626318188,2026.315086,3.138488074,0.084218949
0.999,0.626558142,2025.931264,3.138737314,0.08418654
1,0.626797428,2025.547952,3.138985787,0.084154277
1.001,0.627036046,2025.165148,3.139233495,0.084122159
1.002,0.627273996,2024.782851,3.139480438,0.084090187
1.003,0.627511279,2024.40106,3.139726619,0.084058359
1.004,0.627747894,2024.019776,3.139972036,0.084026676
1.005,0.627983842,2023.638997,3.140216693,0.083995137
1.006,0.628219121,2023.258723,3.140460587,0.083963742
1.007,0.628453733,2022.878955,3.140703721,0.08393249
1.008,0.628687677,2022.499691,3.140946094,0.083901382
1.009,0.628920954,2022.12093,3.14118771,0.083870417
1.01,0.629153563,2021.742672,3.141428567,0.083839594
1.011,0.629385504,2021.364918,3.141668665,0.083808914
1.012,0.629616777,2020.987666,3.141908007,0.083778376
1.013,0.629847382,2020.610917,3.142146592,0.08374798
1.014,0.63007732,2020.234669,3.142384422,0.083717725
1.015,0.63030659,2019.858921,3.142621497,0.083687612
1.016,0.630535193,2019.483675,3.142857818,0.083657639
1.017,0.630763127,2019.108928,3.143093385,0.083627807
1.018,0.630990394,2018.734682,3.143328199,0.083598116
1.019,0.631216994,2018.360933,3.143562263,0.083568564
1.02,0.631442925,2017.987685,3.143795573,0.083539152
1.021,0.631668189,2017.614934,3.144028134,0.08350988
1.022,0.631892785,2017.242682,3.144259944,0.083480747
1.023,0.632116713,2016.870927,3.144491004,0.083451753
1.024,0.632339974,2016.499669,3.144721316,0.083422898
1.025,0.632562567,2016.128908,3.14495088,0.083394181
1.026,0.632784492,2015.758642,3.145179697,0.083365602
1.027,0.633005749,2015.388873,3.145407766,0.083337161
1.028,0.633226339,2015.019599,3.14563509,0.083308857
1.029,0.633446261,2014.650819,3.145861668,0.083280691
1.03,0.633665515,2014.282534,3.146087501,0.083252662
1.031,0.633884101,2013.914744,3.146312589,0.08322477
1.032,0.63410202,2013.547447,3.146536935,0.083197015
1.033,0.634319271,2013.180642,3.146760538,0.083169395
1.034,0.634535855,2012.814331,3.146983399,0.083141911
1.035,0.63475177,2012.448512,3.147205517,0.083114564
1.036,0.634967018,2012.083185,3.147426895,0.083087351
1.037,0.635181598,2011.71835,3.147647532,0.083060274
1.038,0.635395511,2011.354005,3.14786743,0.083033332
1.039,0.635608755,2010.990151,3.148086588,0.083006525
1.04,0.635821332,2010.626788,3.148305008,0.082979852
1.041,0.636033242,2010.263914,3.148522691,0.082953313
1.042,0.636244483,2009.90153,3.148739635,0.082926908
1.043,0.636455057,2009.539634,3.148955844,0.082900637
1.044,0.636664963,2009.178228,3.149171316,0.082874499
1.045,0.636874201,2008.81731,3.149386052,0.082848495
1.046,0.637082772,2008.45688,3.149600054,0.082822623
1.047,0.637290675,2008.096937,3.149813321,0.082796884
1.048,0.63749791,2007.737481,3.150025855,0.082771278
1.049,0.637704477,2007.378513,3.150237655,0.082745804
1.05,0.637910377,2007.02003,3.150448723,0.082720461
1.051,0.638115609,2006.662033,3.150659059,0.082695251
1.052,0.638320173,2006.304523,3.150868663,0.082670172
1.053,0.63852407,2005.947497,3.151077537,0.082645224
1.054,0.638727299,2005.590955,3.151285681,0.082620408
1.055,0.63892986,2005.234898,3.151493095,0.082595722
1.056,0.639131753,2004.879326,3.151699779,0.082571166
1.057,0.639332979,2004.524237,3.151905736,0.082546741
1.058,0.639533537,2004.169631,3.152110964,0.082522446
1.059,0.639733427,2003.815508,3.152315465,0.082498281
1.06,0.63993265,2003.461867,3.15251924,0.082474246
1.061,0.640131204,2003.10871,3.152722287,0.08245034
1.062,0.640329091,2002.756034,3.152924608,0.082426563
1.063,0.640526311,2002.403839,3.153126206,0.082402915
1.064,0.640722862,2002.052125,3.153327077,0.082379396
1.065,0.640918746,2001.700892,3.153527225,0.082356006
1.066,0.641113962,2001.35014,3.153726649,0.082332744
1.067,0.641308511,2000.999867,3.153925351,0.082309609
1.068,0.641502391,2000.650074,3.154123329,0.082286603
1.069,0.641695604,2000.300761,3.154320586,0.082263724
1.07,0.641888149,1999.951926,3.154517121,0.082240973
1.071,0.642080027,1999.60357,3.154712935,0.082218349
1.072,0.642271237,1999.255692,3.154908029,0.082195852
1.073,0.642461779,1998.908292,3.155102403,0.082173482
1.074,0.642651653,1998.56137,3.155296057,0.082151238
1.075,0.64284086,1998.214925,3.155488993,0.082129121
1.076,0.643029399,1997.868957,3.15568121,0.08210713
1.077,0.64321727,1997.523465,3.155872709,0.082085265
1.078,0.643404473,1997.178451,3.15606349,0.082063525
1.079,0.643591009,1996.833911,3.156253555,0.082041911
1.08,0.643776877,1996.489848,3.156442903,0.082020423
1.081,0.643962077,1996.146259,3.156631535,0.08199906
1.082,0.64414661,1995.803145,3.156819453,0.081977821
1.083,0.644330474,1995.460506,3.157006654,0.081956707
1.084,0.644513671,1995.118342,3.157193141,0.081935718
1.085,0.644696201,1994.776651,3.157378915,0.081914854
1.086,0.644878062,1994.435434,3.157563975,0.081894113
1.087,0.645059256,1994.09469,3.157748322,0.081873496
1.088,0.645239782,1993.754419,3.157931956,0.081853003
1.089,0.645419641,1993.41462,3.158114879,0.081832634
1.09,0.645598832,1993.075294,3.15829709,0.081812388
1.091,0.645777355,1992.73644,3.158478589,0.081792265
1.092,0.64595521,1992.398058,3.158659378,0.081772265
1.093,0.646132397,1992.060148,3.158839455,0.081752388
1.094,0.646308917,1991.722708,3.159018824,0.081732634
1.095,0.646484769,1991.385739,3.159197484,0.081713002
1.096,0.646659954,1991.04924,3.159375435,0.081693492
1.097,0.64683447,1990.713213,3.159552676,0.081674105
1.098,0.647008319,1990.377654,3.15972921,0.081654839
1.099,0.6471815,1990.042566,3.159905036,0.081635695
1.1,0.647354014,1989.707946,3.160080156,0.081616672
1.101,0.64752586,1989.373795,3.160254569,0.081597771
1.102,0.647697038,1989.040114,3.160428275,0.081578991
1.103,0.647867548,1988.706901,3.160601275,0.081560332
1.104,0.648037391,1988.374155,3.160773571,0.081541793
1.105,0.648206565,1988.041879,3.16094516,0.081523376
1.106,0.648375072,1987.710069,3.161116046,0.081505078
1.107,0.648542912,1987.378726,3.161286228,0.081486901
1.108,0.648710084,1987.04785,3.161455706,0.081468845
1.109,0.648876587,1986.717442,3.161624479,0.081450908
1.11,0.649042424,1986.387499,3.161792552,0.081433091
1.111,0.649207592,1986.058023,3.16195992,0.081415393
1.112,0.649372093,1985.729013,3.162126587,0.081397815
1.113,0.649535926,1985.400467,3.162292553,0.081380356
1.114,0.649699091,1985.072388,3.162457816,0.081363017
1.115,0.649861589,1984.744773,3.16262238,0.081345796
1.116,0.650023419,1984.417624,3.162786243,0.081328694
1.117,0.650184581,1984.090939,3.162949405,0.08131171
1.118,0.650345075,3717.497553,2.254788929187855532e-314,5.547938823